Evento;Fecha;Hora;Latitud;Longitud;Prof. (Km);Inten.;Mag.;Epicentro;Estación;Dist.epic.(km);Aceleración máxima(mg) N-S;Aceleración máxima(mg) V;Aceleración máxima(mg) E-W
970250;05/02/2010;15:10:06;28.4390;-16.2340;28;IV;4.5;SE SANTA CRUZ DE TENERIFE.ITF;Santa Cruz de Tenerife (SANTA CRUZ DE TENERIFE);4.0;1.98;2.46;4.78
es2021rxzkq;12/09/2021;23:46:55;28.5683;-17.8524;9;II-III;3.4;N FUENCALIENTE DE LA PALMA.ILP;Barros. Los (SANTA CRUZ DE TENERIFE);11.8;3.78;3.24;4.10
es2021ryfxv;13/09/2021;03:02:56;28.5726;-17.8626;9;;3.1;N FUENCALIENTE DE LA PALMA.ILP;Barros. Los (SANTA CRUZ DE TENERIFE);10.9;2.85;2.21;3.44
es2021ryggx;13/09/2021;03:13:31;28.5728;-17.8521;9;II-III;3.3;N FUENCALIENTE DE LA PALMA.ILP;Barros. Los (SANTA CRUZ DE TENERIFE);11.4;3.76;3.02;4.50
es2021sahhb;14/09/2021;06:00:00;28.5780;-17.8790;9;III;3.5;S EL PASO.ILP;Barros. Los (SANTA CRUZ DE TENERIFE);9.8;2.51;3.39;3.43
es2021sjnfy;19/09/2021;07:12:27;28.6152;-17.8694;;III;3.2;S EL PASO.ILP;Barros. Los (SANTA CRUZ DE TENERIFE);6.6;1.89;1.56;2.47
es2021sjsmw;19/09/2021;09:52:03;28.6125;-17.8675;1;III;3.2;SE EL PASO.ILP;Barros. Los (SANTA CRUZ DE TENERIFE);6.9;1.73;1.62;1.85
es2021sjtgv;19/09/2021;10:16:45;28.6163;-17.8695;;III-IV;3.8;S EL PASO.ILP;Barros. Los (SANTA CRUZ DE TENERIFE);6.5;10.26;7.83;9.75
es2021smjdw;20/09/2021;20:32:46;28.6148;-17.9010;;III;3.8;SE TAZACORTE.ILP;Barros. Los (SANTA CRUZ DE TENERIFE);5.2;12.50;9.40;11.09
es2021snacw;21/09/2021;05:06:50;28.6262;-17.8998;1;III;3.2;SW EL PASO.ILP;Barros. Los (SANTA CRUZ DE TENERIFE);4.0;2.19;3.87;2.30
es2021teqei;30/09/2021;20:30:12;28.5790;-17.8483;13;III;3.5;SW VILLA DE MAZO.ILP;Barros. Los (SANTA CRUZ DE TENERIFE);11.0;1.88;3.50;2.24
es2021tfzgw;01/10/2021;14:13:01;28.5621;-17.8530;10;III;3.6;N FUENCALIENTE DE LA PALMA.ILP;Barros. Los (SANTA CRUZ DE TENERIFE);12.4;4.19;3.00;5.27
es2021thqva;02/10/2021;12:12:45;28.5611;-17.8423;11;III;3.6;N FUENCALIENTE DE LA PALMA.ILP;Barros. Los (SANTA CRUZ DE TENERIFE);13.0;2.46;5.38;3.33
es2021tkagc;03/10/2021;19:14:37;28.5629;-17.8261;12;III;3.7;SW VILLA DE MAZO.ILP;Barros. Los (SANTA CRUZ DE TENERIFE);13.7;2.36;3.26;3.83
es2021tkeuv;03/10/2021;21:32:47;28.5592;-17.8264;12;III;3.5;NE FUENCALIENTE DE LA PALMA.IL;Barros. Los (SANTA CRUZ DE TENERIFE);14.1;2.54;2.83;2.15
es2021tkfye;03/10/2021;22:06:59;28.5570;-17.8451;10;III;3.4;N FUENCALIENTE DE LA PALMA.ILP;Barros. Los (SANTA CRUZ DE TENERIFE);13.3;1.46;1.23;1.53
es2021tlmkh;04/10/2021;14:30:59;28.5651;-17.8290;11;III;3.7;SW VILLA DE MAZO.ILP;Barros. Los (SANTA CRUZ DE TENERIFE);13.4;3.23;2.01;3.36
es2021tlvgc;04/10/2021;18:58:51;28.5679;-17.8423;10;III-IV;3.7;N FUENCALIENTE DE LA PALMA.ILP;Barros. Los (SANTA CRUZ DE TENERIFE);12.4;2.63;3.36;2.91
es2021tmmii;05/10/2021;03:36:38;28.6168;-17.8083;38;III;3.9;NW VILLA DE MAZO.ILP;Barros. Los (SANTA CRUZ DE TENERIFE);11.2;2.57;2.49;3.17
es2021tmvzm;05/10/2021;08:29:25;28.5685;-17.8476;12;III;3.6;N FUENCALIENTE DE LA PALMA.ILP;Barros. Los (SANTA CRUZ DE TENERIFE);12.0;1.73;3.41;2.27
es2021tmwju;05/10/2021;08:41:25;28.5539;-17.8355;13;II-III;3.3;NE FUENCALIENTE DE LA PALMA.IL;Barros. Los (SANTA CRUZ DE TENERIFE);14.0;0.84;1.98;0.99
es2021toxua;06/10/2021;11:39:40;28.5587;-17.8336;12;III;3.7;NE FUENCALIENTE DE LA PALMA.IL;Barros. Los (SANTA CRUZ DE TENERIFE);13.7;2.75;3.03;2.41
es2021tptqh;06/10/2021;22:42:04;28.5510;-17.8325;13;III-IV;3.9;NE FUENCALIENTE DE LA PALMA.IL;Barros. Los (SANTA CRUZ DE TENERIFE);14.5;3.14;4.74;4.46
es2021tptxn;06/10/2021;22:50:30;28.5616;-17.8377;11;III;3.7;NE FUENCALIENTE DE LA PALMA.IL;Barros. Los (SANTA CRUZ DE TENERIFE);13.2;2.29;2.04;3.18
es2021tqsob;07/10/2021;11:17:10;28.5761;-17.7924;35;III;4.3;SW VILLA DE MAZO.ILP;Barros. Los (SANTA CRUZ DE TENERIFE);15.0;2.66;9.07;5.13
es2021tryrn;08/10/2021;03:31:03;28.5810;-17.8300;38;III;3.8;SW VILLA DE MAZO.ILP;Barros. Los (SANTA CRUZ DE TENERIFE);12.0;4.55;4.44;4.86
es2021tsqzq;08/10/2021;12:46:00;28.5735;-17.8458;12;III;3.9;SW VILLA DE MAZO.ILP;Barros. Los (SANTA CRUZ DE TENERIFE);11.7;2.75;3.24;3.29
es2021tufzs;09/10/2021;09:28:42;28.5872;-17.7969;31;II-III;3.8;SW VILLA DE MAZO.ILP;Barros. Los (SANTA CRUZ DE TENERIFE);13.9;4.76;4.34;5.11
es2021tuidf;09/10/2021;10:33:36;28.5685;-17.8370;12;III;3.6;SW VILLA DE MAZO.ILP;Barros. Los (SANTA CRUZ DE TENERIFE);12.6;1.92;6.02;2.59
es2021turyx;09/10/2021;15:31:28;28.5568;-17.8417;13;III;3.6;NE FUENCALIENTE DE LA PALMA.IL;Barros. Los (SANTA CRUZ DE TENERIFE);13.5;3.17;3.45;2.78
es2021tvazs;09/10/2021;20:05:35;28.5791;-17.8362;36;III;3.9;SW VILLA DE MAZO.ILP;Barros. Los (SANTA CRUZ DE TENERIFE);11.7;7.66;6.10;7.67
es2021tvmpw;10/10/2021;01:57:22;28.5603;-17.8118;34;II-III;3.8;SW VILLA DE MAZO.ILP;Barros. Los (SANTA CRUZ DE TENERIFE);14.9;3.95;3.92;3.95
es2021twbgj;10/10/2021;09:20:55;28.5487;-17.8320;37;;2.7;NE FUENCALIENTE DE LA PALMA.IL;Barros. Los (SANTA CRUZ DE TENERIFE);14.7;4.83;3.47;3.01
es2021twird;10/10/2021;13:05:40;28.5639;-17.8420;38;II-III;4.0;N FUENCALIENTE DE LA PALMA.ILP;Barros. Los (SANTA CRUZ DE TENERIFE);12.8;3.96;2.76;4.24
es2021twzvu;10/10/2021;21:46:27;28.5856;-17.8256;38;III;4.3;SW VILLA DE MAZO.ILP;Barros. Los (SANTA CRUZ DE TENERIFE);11.9;11.72;7.10;9.24
es2021tyvdc;11/10/2021;21:39:13;28.5559;-17.8385;13;III;3.6;NE FUENCALIENTE DE LA PALMA.IL;Barros. Los (SANTA CRUZ DE TENERIFE);13.7;3.78;2.92;3.73
es2021tzcul;12/10/2021;01:31:35;28.5555;-17.8341;13;III;3.7;NE FUENCALIENTE DE LA PALMA.IL;Barros. Los (SANTA CRUZ DE TENERIFE);14.0;3.35;2.26;2.91
es2021tzoeq;12/10/2021;07:16:50;28.5611;-17.8351;13;III-IV;3.7;NE FUENCALIENTE DE LA PALMA.IL;Barros. Los (SANTA CRUZ DE TENERIFE);13.4;5.79;3.66;4.19
es2021tzols;12/10/2021;07:25:05;28.5745;-17.8228;37;III-IV;4.1;SW VILLA DE MAZO.ILP;Barros. Los (SANTA CRUZ DE TENERIFE);13.0;6.51;7.42;8.14
es2021ubbyq;13/10/2021;03:22:09;28.5774;-17.8260;37;III-IV;3.9;SW VILLA DE MAZO.ILP;Barros. Los (SANTA CRUZ DE TENERIFE);12.5;3.84;4.73;5.19
es2021ubycu;13/10/2021;14:33:48;28.5751;-17.8192;36;III-IV;4.4;SW VILLA DE MAZO.ILP;Barros. Los (SANTA CRUZ DE TENERIFE);13.2;6.10;4.69;4.24
es2021uctrv;14/10/2021;01:27:59;28.5871;-17.8131;37;IV;4.5;SW VILLA DE MAZO.ILP;Barros. Los (SANTA CRUZ DE TENERIFE);12.7;25.74;10.76;20.23
es2021udkxg;14/10/2021;10:09:27;28.5643;-17.8233;11;III;3.4;SW VILLA DE MAZO.ILP;Barros. Los (SANTA CRUZ DE TENERIFE);13.8;3.04;2.25;3.27
es2021ufagf;15/10/2021;07:02:19;28.5760;-17.8228;36;III-IV;4.5;SW VILLA DE MAZO.ILP;Barros. Los (SANTA CRUZ DE TENERIFE);12.8;7.08;3.93;4.05
es2021ufhsh;15/10/2021;10:48:31;28.5808;-17.8160;38;III-IV;4.1;SW VILLA DE MAZO.ILP;Barros. Los (SANTA CRUZ DE TENERIFE);12.9;4.96;5.59;6.21
es2021ufvnw;15/10/2021;17:47:42;28.5615;-17.8398;13;III-IV;4.0;NE FUENCALIENTE DE LA PALMA.IL;Barros. Los (SANTA CRUZ DE TENERIFE);13.1;3.31;4.22;4.39
es2021ufzzy;15/10/2021;20:03:01;28.5552;-17.8384;13;IV;4.0;NE FUENCALIENTE DE LA PALMA.IL;Barros. Los (SANTA CRUZ DE TENERIFE);13.8;3.47;8.91;4.89
es2021ugrcy;16/10/2021;04:41:53;28.5623;-17.8283;37;III-IV;4.6;SW VILLA DE MAZO.ILP;Barros. Los (SANTA CRUZ DE TENERIFE);13.7;4.49;3.84;3.72
es2021ugtxs;16/10/2021;06:07:02;28.5843;-17.8175;34;IV-V;4.5;SW VILLA DE MAZO.ILP;Barros. Los (SANTA CRUZ DE TENERIFE);12.6;17.24;10.31;14.39
es2021uijqg;17/10/2021;03:10:47;28.5857;-17.8006;35;IV;4.3;SW VILLA DE MAZO.ILP;Barros. Los (SANTA CRUZ DE TENERIFE);13.7;15.07;9.50;15.40
es2021uinda;17/10/2021;04:56:35;28.5630;-17.8336;11;II;3.2;NE FUENCALIENTE DE LA PALMA.IL;Barros. Los (SANTA CRUZ DE TENERIFE);13.3;2.67;2.31;2.59
es2021uizid;17/10/2021;11:06:12;28.5674;-17.8114;35;IV;4.0;SW VILLA DE MAZO.ILP;Barros. Los (SANTA CRUZ DE TENERIFE);14.3;2.98;1.95;1.96
es2021ujytw;17/10/2021;23:57:36;28.5713;-17.8223;36;IV;4.6;SW VILLA DE MAZO.ILP;Barros. Los (SANTA CRUZ DE TENERIFE);13.3;4.08;6.20;6.21
es2021ukcef;18/10/2021;01:40:35;28.5826;-17.8117;38;III-IV;4.1;SW VILLA DE MAZO.ILP;Barros. Los (SANTA CRUZ DE TENERIFE);13.1;7.90;6.14;7.99
es2021ukrpc;18/10/2021;09:28:17;28.5620;-17.8303;10;III;3.5;NE FUENCALIENTE DE LA PALMA.IL;Barros. Los (SANTA CRUZ DE TENERIFE);13.6;4.88;2.21;5.96
es2021ukvtg;18/10/2021;11:33:56;28.5891;-17.8110;37;III-IV;4.3;SW VILLA DE MAZO.ILP;Barros. Los (SANTA CRUZ DE TENERIFE);12.7;9.63;4.89;6.76
es2021ulpit;18/10/2021;21:27:51;28.5590;-17.8214;13;IV;3.8;SW VILLA DE MAZO.ILP;Barros. Los (SANTA CRUZ DE TENERIFE);14.4;3.63;4.41;4.51
es2021umwks;19/10/2021;14:10:17;28.5828;-17.8212;36;III-IV;4.5;SW VILLA DE MAZO.ILP;Barros. Los (SANTA CRUZ DE TENERIFE);12.4;10.78;5.38;4.39
es2021unlnj;19/10/2021;21:48:00;28.5855;-17.8192;39;IV-V;4.8;SW VILLA DE MAZO.ILP;Barros. Los (SANTA CRUZ DE TENERIFE);12.3;49.38;15.08;29.77
es2021upcuz;20/10/2021;19:40:04;28.5621;-17.8331;10;III-IV;3.4;NE FUENCALIENTE DE LA PALMA.IL;Barros. Los (SANTA CRUZ DE TENERIFE);13.4;3.81;2.20;4.68
es2021upetz;20/10/2021;20:39:30;28.5622;-17.8301;10;III-IV;3.5;SW VILLA DE MAZO.ILP;Barros. Los (SANTA CRUZ DE TENERIFE);13.6;3.86;2.97;4.47
es2021upmxg;21/10/2021;00:45:47;28.5616;-17.8349;14;III-IV;3.7;NE FUENCALIENTE DE LA PALMA.IL;Barros. Los (SANTA CRUZ DE TENERIFE);13.4;2.75;5.10;3.29
es2021uppvq;21/10/2021;02:14:49;28.5727;-17.8391;37;IV;4.3;SW VILLA DE MAZO.ILP;Barros. Los (SANTA CRUZ DE TENERIFE);12.1;9.54;8.65;10.94
es2021uqpja;21/10/2021;15:08:06;28.5598;-17.8406;12;III-IV;3.8;NE FUENCALIENTE DE LA PALMA.IL;Barros. Los (SANTA CRUZ DE TENERIFE);13.2;4.35;3.68;3.41
es2021uqpyo;21/10/2021;15:26:14;28.5703;-17.8332;9;III;3.5;SW VILLA DE MAZO.ILP;Barros. Los (SANTA CRUZ DE TENERIFE);12.7;5.01;4.57;4.14
es2021urbbg;21/10/2021;21:02:44;28.5647;-17.8303;10;III;3.4;SW VILLA DE MAZO.ILP;Barros. Los (SANTA CRUZ DE TENERIFE);13.3;3.10;1.90;4.36
es2021urbpo;21/10/2021;21:19:25;28.5700;-17.8259;11;III-IV;3.8;SW VILLA DE MAZO.ILP;Barros. Los (SANTA CRUZ DE TENERIFE);13.1;4.25;5.57;4.70
es2021uress;21/10/2021;22:54:03;28.5654;-17.8260;33;IV;4.4;SW VILLA DE MAZO.ILP;Barros. Los (SANTA CRUZ DE TENERIFE);13.5;10.50;5.27;4.77
es2021urupe;22/10/2021;06:54:49;28.5868;-17.8245;38;IV;4.2;SW VILLA DE MAZO.ILP;Barros. Los (SANTA CRUZ DE TENERIFE);11.9;3.68;2.86;3.58
es2021usaim;22/10/2021;09:49:06;28.5600;-17.8307;13;III;3.7;NE FUENCALIENTE DE LA PALMA.IL;Barros. Los (SANTA CRUZ DE TENERIFE);13.7;1.96;2.00;2.72
es2021usduy;22/10/2021;11:34:19;28.5595;-17.8111;12;III;3.7;SW VILLA DE MAZO.ILP;Barros. Los (SANTA CRUZ DE TENERIFE);15.0;3.52;2.27;3.41
es2021usjnd;22/10/2021;14:28:47;28.5737;-17.8312;11;III;3.5;SW VILLA DE MAZO.ILP;Barros. Los (SANTA CRUZ DE TENERIFE);12.5;2.63;3.11;2.71
es2021uslbg;22/10/2021;15:13:58;28.5611;-17.8447;12;III;3.7;N FUENCALIENTE DE LA PALMA.ILP;Barros. Los (SANTA CRUZ DE TENERIFE);12.9;1.98;2.42;2.80
es2021usrmh;22/10/2021;18:28:32;28.5592;-17.8376;11;III;3.7;NE FUENCALIENTE DE LA PALMA.IL;Barros. Los (SANTA CRUZ DE TENERIFE);13.4;4.15;6.45;4.66
es2021usurv;22/10/2021;20:05:55;28.5598;-17.8360;11;IV;3.6;NE FUENCALIENTE DE LA PALMA.IL;Barros. Los (SANTA CRUZ DE TENERIFE);13.5;1.72;4.75;1.99
es2021utbbt;22/10/2021;23:19:31;28.5622;-17.8381;11;III-IV;3.4;NE FUENCALIENTE DE LA PALMA.IL;Barros. Los (SANTA CRUZ DE TENERIFE);13.1;2.67;2.54;3.99
es2021utdwp;23/10/2021;00:44:13;28.5610;-17.8296;11;IV;3.9;NE FUENCALIENTE DE LA PALMA.IL;Barros. Los (SANTA CRUZ DE TENERIFE);13.7;6.66;7.65;8.10
es2021utkjg;23/10/2021;04:00:54;28.5769;-17.8241;37;;3.8;SW VILLA DE MAZO.ILP;Barros. Los (SANTA CRUZ DE TENERIFE);12.7;4.61;3.96;2.89
es2021utonk;23/10/2021;06:07:00;28.5602;-17.8315;11;IV;3.9;NE FUENCALIENTE DE LA PALMA.IL;Barros. Los (SANTA CRUZ DE TENERIFE);13.7;6.16;6.25;5.18
es2021utrfj;23/10/2021;07:28:27;28.5754;-17.8160;36;III-IV;4.3;SW VILLA DE MAZO.ILP;Barros. Los (SANTA CRUZ DE TENERIFE);13.3;2.15;2.12;3.07
es2021uuhgq;23/10/2021;15:34:49;28.5951;-17.7898;38;IV;4.9;SW VILLA DE MAZO.ILP;Barros. Los (SANTA CRUZ DE TENERIFE);14.0;17.24;15.56;17.13
es2021uuuhl;23/10/2021;22:09:47;28.5646;-17.8414;11;III;3.6;N FUENCALIENTE DE LA PALMA.ILP;Barros. Los (SANTA CRUZ DE TENERIFE);12.7;4.15;2.12;2.83
es2021uvgro;24/10/2021;04:25:16;28.5576;-17.8391;10;;3.6;NE FUENCALIENTE DE LA PALMA.IL;Barros. Los (SANTA CRUZ DE TENERIFE);13.5;2.85;1.50;3.19
es2021uvgzb;24/10/2021;04:34:01;28.5640;-17.8280;11;IV;3.9;SW VILLA DE MAZO.ILP;Barros. Los (SANTA CRUZ DE TENERIFE);13.5;5.08;5.00;5.80
es2021uvihe;24/10/2021;05:14:12;28.5649;-17.8221;11;III-IV;3.7;SW VILLA DE MAZO.ILP;Barros. Los (SANTA CRUZ DE TENERIFE);13.8;3.42;4.11;2.41
es2021uviru;24/10/2021;05:26:08;28.5569;-17.8349;13;IV;3.6;NE FUENCALIENTE DE LA PALMA.IL;Barros. Los (SANTA CRUZ DE TENERIFE);13.8;4.66;4.72;5.15
es2021uviuu;24/10/2021;05:29:37;28.5550;-17.8298;10;III-IV;3.5;NE FUENCALIENTE DE LA PALMA.IL;Barros. Los (SANTA CRUZ DE TENERIFE);14.2;3.91;2.59;4.97
es2021uvkdg;24/10/2021;06:10:32;28.5648;-17.8341;10;IV;3.5;SW VILLA DE MAZO.ILP;Barros. Los (SANTA CRUZ DE TENERIFE);13.1;5.45;2.52;3.42
es2021uvnql;24/10/2021;07:56:07;28.5579;-17.8338;11;III;3.5;NE FUENCALIENTE DE LA PALMA.IL;Barros. Los (SANTA CRUZ DE TENERIFE);13.8;2.80;3.50;1.92
es2021uvnth;24/10/2021;08:00:12;28.5529;-17.8289;14;IV;3.8;NE FUENCALIENTE DE LA PALMA.IL;Barros. Los (SANTA CRUZ DE TENERIFE);14.5;4.98;6.03;6.95
es2021uvziu;24/10/2021;13:51:17;28.5612;-17.8391;11;III-IV;3.6;NE FUENCALIENTE DE LA PALMA.IL;Barros. Los (SANTA CRUZ DE TENERIFE);13.2;2.38;0.90;2.63
es2021uwdkw;24/10/2021;15:54:48;28.5625;-17.8309;10;III;3.6;NE FUENCALIENTE DE LA PALMA.IL;Barros. Los (SANTA CRUZ DE TENERIFE);13.5;2.99;1.84;3.17
es2021uwgcd;24/10/2021;17:15:17;28.5563;-17.8402;10;IV;4.0;NE FUENCALIENTE DE LA PALMA.IL;Barros. Los (SANTA CRUZ DE TENERIFE);13.6;9.22;5.99;12.52
es2021uwirm;24/10/2021;18:33:45;28.5525;-17.8516;11;IV;3.9;N FUENCALIENTE DE LA PALMA.ILP;Barros. Los (SANTA CRUZ DE TENERIFE);13.4;11.68;9.84;13.13
es2021uwkzu;24/10/2021;19:44:13;28.5587;-17.8487;11;IV;3.9;N FUENCALIENTE DE LA PALMA.ILP;Barros. Los (SANTA CRUZ DE TENERIFE);12.9;2.63;4.22;3.60
es2021uwvup;25/10/2021;01:11:24;28.5697;-17.8254;13;III-IV;3.5;SW VILLA DE MAZO.ILP;Barros. Los (SANTA CRUZ DE TENERIFE);13.2;2.36;7.52;2.58
es2021uwxpb;25/10/2021;02:05:41;28.5635;-17.8392;15;III;3.5;NE FUENCALIENTE DE LA PALMA.IL;Barros. Los (SANTA CRUZ DE TENERIFE);12.9;2.86;1.57;2.98
es2021uxgxf;25/10/2021;06:47:50;28.5620;-17.8359;13;III-IV;3.6;NE FUENCALIENTE DE LA PALMA.IL;Barros. Los (SANTA CRUZ DE TENERIFE);13.3;2.52;2.55;1.95
es2021uxiis;25/10/2021;07:31:33;28.5679;-17.8236;12;IV;3.7;SW VILLA DE MAZO.ILP;Barros. Los (SANTA CRUZ DE TENERIFE);13.5;3.86;2.81;4.73
es2021uxkwq;25/10/2021;08:48:23;28.5616;-17.8248;11;IV;3.4;SW VILLA DE MAZO.ILP;Barros. Los (SANTA CRUZ DE TENERIFE);13.9;2.76;1.81;2.90
es2021uxvwr;25/10/2021;14:22:39;28.5620;-17.8398;11;III;3.5;NE FUENCALIENTE DE LA PALMA.IL;Barros. Los (SANTA CRUZ DE TENERIFE);13.1;3.44;1.88;3.99
es2021uxymm;25/10/2021;15:40:51;28.5607;-17.8335;13;III;3.5;NE FUENCALIENTE DE LA PALMA.IL;Barros. Los (SANTA CRUZ DE TENERIFE);13.5;3.21;5.41;2.61
es2021uygaj;25/10/2021;19:29:10;28.5572;-17.8470;13;IV;3.4;N FUENCALIENTE DE LA PALMA.ILP;Barros. Los (SANTA CRUZ DE TENERIFE);13.2;2.13;1.98;2.43
es2021uypim;26/10/2021;00:11:49;28.5602;-17.8260;12;IV;3.7;SW VILLA DE MAZO.ILP;Barros. Los (SANTA CRUZ DE TENERIFE);14.0;4.68;2.87;4.47
es2021uytmo;26/10/2021;02:17:25;28.5607;-17.8370;10;III-IV;3.6;NE FUENCALIENTE DE LA PALMA.IL;Barros. Los (SANTA CRUZ DE TENERIFE);13.3;1.95;2.32;3.08
es2021uzazw;26/10/2021;06:05:14;28.5782;-17.8062;36;IV;4.2;SW VILLA DE MAZO.ILP;Barros. Los (SANTA CRUZ DE TENERIFE);13.8;3.68;3.67;4.34
es2021uzvmf;26/10/2021;16:25:37;28.5737;-17.8213;34;IV;4.9;SW VILLA DE MAZO.ILP;Barros. Los (SANTA CRUZ DE TENERIFE);13.1;12.34;7.09;6.61
es2021vaeza;26/10/2021;21:13:17;28.5562;-17.8340;13;IV;3.9;NE FUENCALIENTE DE LA PALMA.IL;Barros. Los (SANTA CRUZ DE TENERIFE);13.9;4.97;4.81;3.89
es2021vakgb;26/10/2021;23:53:16;28.5770;-17.8224;35;IV;4.8;SW VILLA DE MAZO.ILP;Barros. Los (SANTA CRUZ DE TENERIFE);12.8;20.35;10.98;9.02
es2021vaoyz;27/10/2021;02:16:33;28.5618;-17.8273;13;IV;4.0;SW VILLA DE MAZO.ILP;Barros. Los (SANTA CRUZ DE TENERIFE);13.8;3.35;4.55;4.32
es2021vasnf;27/10/2021;04:03:50;28.5605;-17.8286;11;III;3.8;NE FUENCALIENTE DE LA PALMA.IL;Barros. Los (SANTA CRUZ DE TENERIFE);13.8;3.55;2.89;2.31
es2021vaufn;27/10/2021;04:55:28;28.5646;-17.8273;11;IV;3.6;SW VILLA DE MAZO.ILP;Barros. Los (SANTA CRUZ DE TENERIFE);13.5;3.22;3.57;2.34
es2021vauty;27/10/2021;05:12:18;28.5667;-17.8317;11;III;3.4;SW VILLA DE MAZO.ILP;Barros. Los (SANTA CRUZ DE TENERIFE);13.1;3.77;2.32;2.54
es2021vavwd;27/10/2021;05:45:10;28.5611;-17.8365;11;IV;3.9;NE FUENCALIENTE DE LA PALMA.IL;Barros. Los (SANTA CRUZ DE TENERIFE);13.3;4.50;4.28;4.75
es2021vawzx;27/10/2021;06:19:56;28.5854;-17.8099;38;IV-V;4.6;SW VILLA DE MAZO.ILP;Barros. Los (SANTA CRUZ DE TENERIFE);13.0;13.33;6.76;10.61
es2021vbbac;27/10/2021;08:21:18;28.5579;-17.8394;12;III;3.5;NE FUENCALIENTE DE LA PALMA.IL;Barros. Los (SANTA CRUZ DE TENERIFE);13.5;2.02;1.49;2.90
es2021vberw;27/10/2021;10:12:56;28.5698;-17.8340;11;III;3.2;SW VILLA DE MAZO.ILP;Barros. Los (SANTA CRUZ DE TENERIFE);12.7;3.37;1.99;2.74
es2021vbmww;27/10/2021;14:21:11;28.5791;-17.8176;37;IV;4.8;SW VILLA DE MAZO.ILP;Barros. Los (SANTA CRUZ DE TENERIFE);12.9;39.16;15.81;22.39
es2021vbnek;27/10/2021;14:30:01;28.5627;-17.8477;14;IV;3.8;N FUENCALIENTE DE LA PALMA.ILP;Barros. Los (SANTA CRUZ DE TENERIFE);12.6;3.40;4.25;2.77
es2021vbnyx;27/10/2021;14:53:54;28.5575;-17.8337;12;IV;3.5;NE FUENCALIENTE DE LA PALMA.IL;Barros. Los (SANTA CRUZ DE TENERIFE);13.8;3.83;3.57;4.35
es2021vbucs;27/10/2021;18:00:12;28.5595;-17.8323;14;IV;3.8;NE FUENCALIENTE DE LA PALMA.IL;Barros. Los (SANTA CRUZ DE TENERIFE);13.7;7.92;5.25;8.37
es2021vbxcv;27/10/2021;19:31:26;28.5580;-17.8527;13;IV;3.9;N FUENCALIENTE DE LA PALMA.ILP;Barros. Los (SANTA CRUZ DE TENERIFE);12.8;6.53;4.58;6.74
es2021vbywb;27/10/2021;20:23:59;28.5615;-17.8344;11;IV;3.6;NE FUENCALIENTE DE LA PALMA.IL;Barros. Los (SANTA CRUZ DE TENERIFE);13.4;2.60;4.02;5.32
es2021vcgvf;28/10/2021;00:25:49;28.5618;-17.8212;12;IV;3.5;SW VILLA DE MAZO.ILP;Barros. Los (SANTA CRUZ DE TENERIFE);14.1;3.72;5.77;3.54
es2021vcoao;28/10/2021;04:04:01;28.5562;-17.8315;13;III;3.6;NE FUENCALIENTE DE LA PALMA.IL;Barros. Los (SANTA CRUZ DE TENERIFE);14.0;3.15;5.73;4.34
es2021vcuou;28/10/2021;07:22:33;28.5593;-17.8357;10;III-IV;3.6;NE FUENCALIENTE DE LA PALMA.IL;Barros. Los (SANTA CRUZ DE TENERIFE);13.5;7.49;6.11;9.51
es2021vcvmb;28/10/2021;07:49:22;28.5534;-17.8388;13;;3.1;NE FUENCALIENTE DE LA PALMA.IL;Barros. Los (SANTA CRUZ DE TENERIFE);13.9;3.09;3.19;5.17
es2021vczit;28/10/2021;09:46:44;28.5585;-17.8380;13;;3.5;NE FUENCALIENTE DE LA PALMA.IL;Barros. Los (SANTA CRUZ DE TENERIFE);13.5;2.17;2.83;2.90
es2021vdgqj;28/10/2021;13:27:48;28.5658;-17.8441;12;IV;3.6;N FUENCALIENTE DE LA PALMA.ILP;Barros. Los (SANTA CRUZ DE TENERIFE);12.5;3.03;1.99;2.67
es2021vdnel;28/10/2021;16:46:02;28.5567;-17.8386;13;IV;3.5;NE FUENCALIENTE DE LA PALMA.IL;Barros. Los (SANTA CRUZ DE TENERIFE);13.6;3.47;4.21;5.02
es2021vdpii;28/10/2021;17:51:12;28.5605;-17.8394;13;IV;3.7;NE FUENCALIENTE DE LA PALMA.IL;Barros. Los (SANTA CRUZ DE TENERIFE);13.2;3.45;7.06;4.98
es2021vdugv;28/10/2021;20:21:00;28.5844;-17.8243;38;IV;4.2;SW VILLA DE MAZO.ILP;Barros. Los (SANTA CRUZ DE TENERIFE);12.1;8.71;10.74;9.91
es2021veapk;28/10/2021;23:32:47;28.5682;-17.8183;11;III-IV;3.3;SW VILLA DE MAZO.ILP;Barros. Los (SANTA CRUZ DE TENERIFE);13.8;1.77;3.95;2.54
es2021veayc;28/10/2021;23:42:58;28.5653;-17.8092;11;IV;3.9;SW VILLA DE MAZO.ILP;Barros. Los (SANTA CRUZ DE TENERIFE);14.6;5.70;5.82;7.35
es2021vecng;29/10/2021;00:31:00;28.5640;-17.8239;11;III-IV;3.6;SW VILLA DE MAZO.ILP;Barros. Los (SANTA CRUZ DE TENERIFE);13.8;6.21;5.56;6.75
es2021vespk;29/10/2021;08:38:19;28.5726;-17.8373;10;IV;3.7;SW VILLA DE MAZO.ILP;Barros. Los (SANTA CRUZ DE TENERIFE);12.2;2.89;3.56;3.40
es2021veusa;29/10/2021;09:43:14;28.5690;-17.8390;11;III;3.5;SW VILLA DE MAZO.ILP;Barros. Los (SANTA CRUZ DE TENERIFE);12.5;4.35;2.88;3.56
es2021vflbm;29/10/2021;17:57:58;28.5649;-17.8362;12;IV;3.5;NE FUENCALIENTE DE LA PALMA.IL;Barros. Los (SANTA CRUZ DE TENERIFE);13.0;5.11;3.15;5.45
es2021vfswj;29/10/2021;21:54:27;28.5597;-17.8377;11;III;3.2;NE FUENCALIENTE DE LA PALMA.IL;Barros. Los (SANTA CRUZ DE TENERIFE);13.4;2.24;1.41;3.34
es2021vgedm;30/10/2021;03:36:06;28.5760;-17.8301;37;III-IV;4.1;SW VILLA DE MAZO.ILP;Barros. Los (SANTA CRUZ DE TENERIFE);12.4;7.46;6.16;9.38
es2021vgjif;30/10/2021;06:13:10;28.5637;-17.8512;10;II-III;3.7;N FUENCALIENTE DE LA PALMA.ILP;Barros. Los (SANTA CRUZ DE TENERIFE);12.3;3.21;3.51;3.58
es2021vgjrv;30/10/2021;06:24:23;28.5707;-17.8396;35;IV-V;5.0;SW VILLA DE MAZO.ILP;Barros. Los (SANTA CRUZ DE TENERIFE);12.3;10.21;10.25;13.93
